id;title;first_names;surname
1;Alaska;utilize;Togo architectures
2;Tools visualize Fantastic;navigate Towels;Buckinghamshire bypass
3;time-frame;programming Planner;connect
4;panel;model;Kyrgyz New Tactics
5;grey services Account;CFA United Central;Guiana Cotton
6;green primary Communications;dedicated array;Road Consultant withdrawal
7;leverage Analyst;Frozen;Ergonomic Tasty compress
8;Administrator;magenta compress;Granite Switchable Tasty
9;Awesome Future Concrete;Small;Tactics Bahamas
10;Gloves International hacking;Tasty;Bedfordshire paradigms PCI
