id;content_type;image;image_content_type
1;Borders deposit;../fake-data/blob/hipster.png;image/png
2;Quality Macao bus;../fake-data/blob/hipster.png;image/png
3;parsing Cambridgeshire;../fake-data/blob/hipster.png;image/png
4;redundant Cross-group;../fake-data/blob/hipster.png;image/png
5;Salvador;../fake-data/blob/hipster.png;image/png
6;New;../fake-data/blob/hipster.png;image/png
7;Cambridgeshire Sleek Practical;../fake-data/blob/hipster.png;image/png
8;haptic Michigan;../fake-data/blob/hipster.png;image/png
9;Avon Strategist;../fake-data/blob/hipster.png;image/png
10;core scalable Forward;../fake-data/blob/hipster.png;image/png
